{"cameraMode":{"drawMode":0,"name":"Shaded","section":"Shading Mode"},"sceneLighting":false,"audioPlay":false,"sceneViewState":{"showFog":true,"showMaterialUpdate":false,"showSkybox":false,"showFlares":true,"showImageEffects":true,"showParticleSystems":true},"in2DMode":false,"pivot":{"x":-90.48518371582031,"y":114.54895782470703,"z":-2.1957359313964845},"rotation":{"x":-0.07308058440685272,"y":0.5835993885993958,"z":-0.0528482086956501,"w":-0.807020902633667},"size":152.6199951171875,"orthographic":false}