{"cameraMode":{"drawMode":0,"name":"Shaded","section":"Shading Mode"},"sceneLighting":true,"audioPlay":false,"sceneViewState":{"showFog":true,"showMaterialUpdate":false,"showSkybox":false,"showFlares":true,"showImageEffects":true,"showParticleSystems":true},"in2DMode":false,"pivot":{"x":-98.89413452148438,"y":37.72910690307617,"z":76.28270721435547},"rotation":{"x":-0.028155667707324029,"y":-0.3168036639690399,"z":-0.009408722631633282,"w":0.9480271339416504},"size":33.62928009033203,"orthographic":false}