{"cameraMode":{"drawMode":0,"name":"Shaded","section":"Shading Mode"},"sceneLighting":false,"audioPlay":false,"sceneViewState":{"showFog":true,"showMaterialUpdate":false,"showSkybox":false,"showFlares":true,"showImageEffects":true,"showParticleSystems":true},"in2DMode":false,"pivot":{"x":0.3838011622428894,"y":-0.25329914689064028,"z":-4.381347179412842},"rotation":{"x":0.18414877355098725,"y":0.4244595468044281,"z":-0.08861250430345535,"w":0.8820841908454895},"size":17.064239501953126,"orthographic":false}