{"cameraMode":{"drawMode":0,"name":"Shaded","section":"Shading Mode"},"sceneLighting":true,"audioPlay":false,"sceneViewState":{"showFog":true,"showMaterialUpdate":false,"showSkybox":false,"showFlares":true,"showImageEffects":true,"showParticleSystems":true},"in2DMode":false,"pivot":{"x":-229.26156616210938,"y":88.23802185058594,"z":16.80542755126953},"rotation":{"x":0.14095498621463777,"y":0.8010197877883911,"z":-0.20780105888843537,"w":0.5434592962265015},"size":161.45558166503907,"orthographic":false}