{"cameraMode":{"drawMode":0,"name":"Shaded","section":"Shading Mode"},"sceneLighting":true,"audioPlay":false,"sceneViewState":{"showFog":true,"showMaterialUpdate":false,"showSkybox":false,"showFlares":true,"showImageEffects":true,"showParticleSystems":true},"in2DMode":false,"pivot":{"x":-37.251956939697269,"y":-1.2635726928710938,"z":234.95709228515626},"rotation":{"x":-0.1142112985253334,"y":0.805292010307312,"z":-0.16484764218330384,"w":-0.5580906271934509},"size":96.78693389892578,"orthographic":false}