{"cameraMode":{"drawMode":0,"name":"Shaded","section":"Shading Mode"},"sceneLighting":false,"audioPlay":false,"sceneViewState":{"showFog":true,"showMaterialUpdate":false,"showSkybox":false,"showFlares":true,"showImageEffects":true,"showParticleSystems":true},"in2DMode":false,"pivot":{"x":171.1624755859375,"y":194.87400817871095,"z":-713.7987060546875},"rotation":{"x":0.049143776297569278,"y":0.44539135694503786,"z":-0.024416634812951089,"w":0.8937500715255737},"size":10.648246765136719,"orthographic":false}