{"cameraMode":{"drawMode":0,"name":"Shaded","section":"Shading Mode"},"sceneLighting":false,"audioPlay":false,"sceneViewState":{"showFog":true,"showMaterialUpdate":false,"showSkybox":false,"showFlares":true,"showImageEffects":true,"showParticleSystems":true},"in2DMode":false,"pivot":{"x":-25.93463134765625,"y":2.6197967529296877,"z":119.6015625},"rotation":{"x":0.024811480194330217,"y":-0.08238128572702408,"z":0.0020501704420894386,"w":0.9962971806526184},"size":1.8957566022872925,"orthographic":true}