{"cameraMode":{"drawMode":0,"name":"Shaded","section":"Shading Mode"},"sceneLighting":true,"audioPlay":false,"sceneViewState":{"showFog":true,"showMaterialUpdate":false,"showSkybox":false,"showFlares":true,"showImageEffects":true,"showParticleSystems":true},"in2DMode":false,"pivot":{"x":-0.8276321887969971,"y":72.91221618652344,"z":121.16519165039063},"rotation":{"x":0.11579259485006333,"y":0.07772122323513031,"z":-0.009042896330356598,"w":0.9902769327163696},"size":25.656723022460939,"orthographic":false}