{"cameraMode":{"drawMode":0,"name":"Shaded","section":"Shading Mode"},"sceneLighting":true,"audioPlay":false,"sceneViewState":{"showFog":true,"showMaterialUpdate":false,"showSkybox":false,"showFlares":true,"showImageEffects":true,"showParticleSystems":true},"in2DMode":false,"pivot":{"x":10.603768348693848,"y":73.28744506835938,"z":124.56605529785156},"rotation":{"x":0.15470907092094422,"y":0.1931292712688446,"z":-0.030825890600681306,"w":0.9685019254684448},"size":28.06308937072754,"orthographic":false}