{"cameraMode":{"drawMode":0,"name":"Shaded","section":"Shading Mode"},"sceneLighting":false,"audioPlay":false,"sceneViewState":{"showFog":true,"showMaterialUpdate":false,"showSkybox":false,"showFlares":true,"showImageEffects":true,"showParticleSystems":true},"in2DMode":false,"pivot":{"x":-109.46354675292969,"y":-9.4399995803833,"z":136.87062072753907},"rotation":{"x":-0.034985460340976718,"y":-0.08354788273572922,"z":-0.002806766191497445,"w":0.9959695935249329},"size":22.0,"orthographic":false}