{"cameraMode":{"drawMode":0,"name":"Shaded","section":"Shading Mode"},"sceneLighting":false,"audioPlay":false,"sceneViewState":{"showFog":true,"showMaterialUpdate":false,"showSkybox":false,"showFlares":true,"showImageEffects":true,"showParticleSystems":true},"in2DMode":false,"pivot":{"x":0.068603515625,"y":0.66650390625,"z":-0.0380859375},"rotation":{"x":-0.08555753529071808,"y":-0.6392793655395508,"z":0.07176902145147324,"w":-0.7609225511550903},"size":15.858399391174317,"orthographic":true}