{"cameraMode":{"drawMode":0,"name":"Shaded","section":"Shading Mode"},"sceneLighting":false,"audioPlay":false,"sceneViewState":{"showFog":true,"showMaterialUpdate":false,"showSkybox":false,"showFlares":true,"showImageEffects":true,"showParticleSystems":true},"in2DMode":false,"pivot":{"x":-0.4815864562988281,"y":-0.297332763671875,"z":1.248046875},"rotation":{"x":-0.0023981609847396614,"y":-0.0012236264301463962,"z":-0.00011665967031149194,"w":-1.0000885725021363},"size":17.166608810424806,"orthographic":true}