{"cameraMode":{"drawMode":0,"name":"Shaded","section":"Shading Mode"},"sceneLighting":true,"audioPlay":false,"sceneViewState":{"showFog":true,"showMaterialUpdate":false,"showSkybox":false,"showFlares":true,"showImageEffects":true,"showParticleSystems":true},"in2DMode":false,"pivot":{"x":-17.299785614013673,"y":-0.018296241760253907,"z":-30.525712966918947},"rotation":{"x":0.1946747899055481,"y":-0.2848464250564575,"z":0.05922757461667061,"w":0.9368219971656799},"size":50.27519607543945,"orthographic":false}