{"cameraMode":{"drawMode":0,"name":"Shaded","section":"Shading Mode"},"sceneLighting":true,"audioPlay":false,"sceneViewState":{"showFog":true,"showMaterialUpdate":false,"showSkybox":false,"showFlares":true,"showImageEffects":true,"showParticleSystems":true},"in2DMode":false,"pivot":{"x":27.768421173095704,"y":-3.08795166015625,"z":185.8162078857422},"rotation":{"x":0.4156332314014435,"y":0.2242414802312851,"z":-0.10645987838506699,"w":0.875109076499939},"size":125.5149154663086,"orthographic":false}